file,app
embb_307,Browser
embb_207,Browser
embb_108,Browser
embb_208,Browser
embb_308,Browser
embb_107,Browser
urllc_7204,CallofDuty
urllc_8101,CallofDuty
urllc_4102,CallofDuty
urllc_7202,CallofDuty
urllc_9104,CallofDuty
urllc_4104,CallofDuty
urllc_7201,CallofDuty
urllc_9204,CallofDuty
urllc_4103,CallofDuty
urllc_9203,CallofDuty
urllc_7203,CallofDuty
urllc_7302,CallofDuty
urllc_7301,CallofDuty
urllc_9202,CallofDuty
urllc_7303,CallofDuty
urllc_7304,CallofDuty
urllc_9102,CallofDuty
urllc_8201,CallofDuty
urllc_4204,CallofDuty
urllc_6101,CallofDuty
urllc_6102,CallofDuty
urllc_6103,CallofDuty
urllc_6104,CallofDuty
urllc_5104,CallofDuty
urllc_5103,CallofDuty
urllc_4101,CallofDuty
urllc_5201,CallofDuty
urllc_5202,CallofDuty
urllc_5203,CallofDuty
urllc_9101,CallofDuty
urllc_8202,CallofDuty
urllc_8203,CallofDuty
urllc_8204,CallofDuty
urllc_5303,CallofDuty
urllc_5302,CallofDuty
urllc_5301,CallofDuty
urllc_502,CallofDuty
urllc_501,CallofDuty
urllc_4201,CallofDuty
urllc_4202,CallofDuty
urllc_4203,CallofDuty
urllc_402,CallofDuty
urllc_5102,CallofDuty
urllc_401,CallofDuty
urllc_8302,CallofDuty
urllc_8303,CallofDuty
urllc_8304,CallofDuty
urllc_5304,CallofDuty
urllc_8104,CallofDuty
urllc_8103,CallofDuty
urllc_8102,CallofDuty
urllc_9201,CallofDuty
urllc_7101,CallofDuty
urllc_7102,CallofDuty
urllc_7103,CallofDuty
urllc_7104,CallofDuty
urllc_5204,CallofDuty
urllc_8301,CallofDuty
urllc_5101,CallofDuty
urllc_9103,CallofDuty
urllc_6202,CallofDuty
urllc_9304,CallofDuty
urllc_4303,CallofDuty
urllc_9303,CallofDuty
urllc_6301,CallofDuty
urllc_302,CallofDuty
urllc_6203,CallofDuty
urllc_201,CallofDuty
urllc_4302,CallofDuty
urllc_6204,CallofDuty
urllc_9302,CallofDuty
urllc_4304,CallofDuty
urllc_202,CallofDuty
urllc_6302,CallofDuty
urllc_9301,CallofDuty
urllc_4301,CallofDuty
urllc_102,CallofDuty
urllc_6201,CallofDuty
urllc_6303,CallofDuty
urllc_301,CallofDuty
urllc_101,CallofDuty
urllc_6304,CallofDuty
mmtc_110,Crypto
mmtc_210,Crypto
mmtc_309,Crypto
mmtc_310,Crypto
mmtc_209,Crypto
mmtc_109,Crypto
mmtc_108,ESPN
mmtc_208,ESPN
mmtc_107,ESPN
mmtc_307,ESPN
mmtc_207,ESPN
mmtc_308,ESPN
urllc_5217,Facebook
urllc_5218,Facebook
urllc_6217,Facebook
urllc_8317,Facebook
urllc_8318,Facebook
urllc_8319,Facebook
urllc_8320,Facebook
urllc_5219,Facebook
urllc_6218,Facebook
urllc_9217,Facebook
urllc_6220,Facebook
urllc_4320,Facebook
urllc_510,Facebook
urllc_509,Facebook
urllc_4319,Facebook
urllc_4120,Facebook
urllc_8120,Facebook
urllc_8119,Facebook
urllc_8118,Facebook
urllc_4318,Facebook
urllc_4317,Facebook
urllc_8117,Facebook
urllc_5220,Facebook
urllc_8217,Facebook
urllc_8218,Facebook
urllc_410,Facebook
urllc_409,Facebook
urllc_8219,Facebook
urllc_8220,Facebook
urllc_9118,Facebook
urllc_9119,Facebook
urllc_9120,Facebook
urllc_6219,Facebook
urllc_9117,Facebook
urllc_7117,Facebook
urllc_6317,Facebook
urllc_4220,Facebook
urllc_4117,Facebook
urllc_6118,Facebook
urllc_7317,Facebook
urllc_7319,Facebook
urllc_7320,Facebook
urllc_309,Facebook
urllc_208,Facebook
urllc_308,Facebook
urllc_4118,Facebook
urllc_6117,Facebook
urllc_209,Facebook
urllc_9319,Facebook
urllc_9318,Facebook
urllc_9220,Facebook
urllc_9219,Facebook
urllc_4219,Facebook
urllc_4218,Facebook
urllc_4217,Facebook
urllc_9218,Facebook
urllc_9320,Facebook
urllc_108,Facebook
urllc_6119,Facebook
urllc_9317,Facebook
urllc_109,Facebook
urllc_6318,Facebook
urllc_6319,Facebook
urllc_6320,Facebook
urllc_7118,Facebook
urllc_7119,Facebook
urllc_7120,Facebook
urllc_5320,Facebook
urllc_5319,Facebook
urllc_6120,Facebook
urllc_5318,Facebook
urllc_5317,Facebook
urllc_5120,Facebook
urllc_5119,Facebook
urllc_5118,Facebook
urllc_5117,Facebook
urllc_7217,Facebook
urllc_7218,Facebook
urllc_7219,Facebook
urllc_7220,Facebook
urllc_4119,Facebook
urllc_7318,Facebook
urllc_4324,Meet
urllc_9323,Meet
urllc_9322,Meet
urllc_8121,Meet
urllc_9321,Meet
urllc_9324,Meet
urllc_8122,Meet
urllc_7124,Meet
urllc_8124,Meet
urllc_7223,Meet
urllc_7224,Meet
urllc_7321,Meet
urllc_7322,Meet
urllc_7323,Meet
urllc_7324,Meet
urllc_6324,Meet
urllc_6323,Meet
urllc_7222,Meet
urllc_6322,Meet
urllc_6121,Meet
urllc_6122,Meet
urllc_6123,Meet
urllc_6124,Meet
urllc_6221,Meet
urllc_6222,Meet
urllc_6223,Meet
urllc_6224,Meet
urllc_6321,Meet
urllc_8123,Meet
urllc_7221,Meet
urllc_5122,Meet
urllc_5224,Meet
urllc_5223,Meet
urllc_5222,Meet
urllc_5221,Meet
urllc_8221,Meet
urllc_8222,Meet
urllc_8223,Meet
urllc_8224,Meet
urllc_5121,Meet
urllc_4323,Meet
urllc_8322,Meet
urllc_8323,Meet
urllc_8324,Meet
urllc_7121,Meet
urllc_7122,Meet
urllc_7123,Meet
urllc_5124,Meet
urllc_5123,Meet
urllc_8321,Meet
urllc_5321,Meet
urllc_9222,Meet
urllc_5323,Meet
urllc_411,Meet
urllc_4123,Meet
urllc_4122,Meet
urllc_4121,Meet
urllc_4124,Meet
urllc_511,Meet
urllc_512,Meet
urllc_211,Meet
urllc_5322,Meet
urllc_9121,Meet
urllc_111,Meet
urllc_9122,Meet
urllc_9123,Meet
urllc_9124,Meet
urllc_412,Meet
urllc_210,Meet
urllc_4222,Meet
urllc_4223,Meet
urllc_4221,Meet
urllc_4224,Meet
urllc_110,Meet
urllc_4321,Meet
urllc_9221,Meet
urllc_9223,Meet
urllc_310,Meet
urllc_311,Meet
urllc_5324,Meet
urllc_9224,Meet
urllc_4322,Meet
ar_22_metrics,MonsterHunt
ar_17_metrics,MonsterHunt
ar_21_metrics,MonsterHunt
ar_20_metrics,MonsterHunt
ar_19_metrics,MonsterHunt
ar_18_metrics,MonsterHunt
ar_0003,MonsterHunt
ar_13_metrics,MonsterHunt
ar_14_metrics,MonsterHunt
ar_0001,MonsterHunt
ar_12_metrics,MonsterHunt
ar_11_metrics,MonsterHunt
ar_10_metrics,MonsterHunt
ar_9_metrics,MonsterHunt
ar_4_metrics,MonsterHunt
ar_3_metrics,MonsterHunt
ar_1_metrics,MonsterHunt
ar_0008,MonsterHunt
ar_0007,MonsterHunt
ar_0006,MonsterHunt
ar_0005,MonsterHunt
ar_0004,MonsterHunt
ar_16_metrics,MonsterHunt
ar_2_metrics,MonsterHunt
ar_15_metrics,MonsterHunt
embb_306,Onedrive
embb_105,Onedrive
embb_206,Onedrive
embb_106,Onedrive
embb_205,Onedrive
embb_305,Onedrive
ar_31_metrics,Pokemon
ar_30_metrics,Pokemon
ar_29_metrics,Pokemon
ar_6_metrics,Pokemon
ar_27_metrics,Pokemon
ar_26_metrics,Pokemon
ar_25_metrics,Pokemon
ar_24_metrics,Pokemon
ar_28_metrics,Pokemon
ar_0009,Pokemon
ar_32_metrics,Pokemon
ar_0011,Pokemon
ar_0012,Pokemon
ar_0013,Pokemon
ar_0014,Pokemon
ar_0015,Pokemon
ar_8_metrics,Pokemon
ar_7_metrics,Pokemon
ar_23_metrics,Pokemon
ar_0010,Pokemon
ar_5_metrics,Pokemon
ar_39_metrics,Pokemon
ar_43_metrics,Pokemon
ar_33_metrics,Pokemon
ar_42_metrics,Pokemon
ar_41_metrics,Pokemon
ar_40_metrics,Pokemon
ar_38_metrics,Pokemon
ar_37_metrics,Pokemon
ar_44_metrics,Pokemon
ar_35_metrics,Pokemon
ar_34_metrics,Pokemon
ar_0002,Pokemon
ar_36_metrics,Pokemon
embb_210,Snapchat
embb_109,Snapchat
embb_110,Snapchat
embb_310,Snapchat
embb_209,Snapchat
embb_309,Snapchat
mmtc_104,StepCounter
mmtc_103,StepCounter
mmtc_303,StepCounter
mmtc_304,StepCounter
mmtc_203,StepCounter
mmtc_204,StepCounter
urllc_7316,Teams
urllc_4214,Teams
urllc_4213,Teams
urllc_4215,Teams
urllc_4216,Teams
urllc_9215,Teams
urllc_9213,Teams
urllc_9214,Teams
urllc_7315,Teams
urllc_312,Teams
urllc_307,Teams
urllc_8215,Teams
urllc_6114,Teams
urllc_5316,Teams
urllc_4316,Teams
urllc_4315,Teams
urllc_4314,Teams
urllc_4313,Teams
urllc_107,Teams
urllc_6216,Teams
urllc_6215,Teams
urllc_6214,Teams
urllc_6213,Teams
urllc_6313,Teams
urllc_6314,Teams
urllc_6315,Teams
urllc_6316,Teams
urllc_9313,Teams
urllc_7314,Teams
urllc_9314,Teams
urllc_9315,Teams
urllc_9316,Teams
urllc_9216,Teams
urllc_207,Teams
urllc_6116,Teams
urllc_6115,Teams
urllc_6113,Teams
urllc_7313,Teams
urllc_5313,Teams
urllc_4113,Teams
urllc_8113,Teams
urllc_8114,Teams
urllc_8115,Teams
urllc_8116,Teams
urllc_9116,Teams
urllc_9115,Teams
urllc_9114,Teams
urllc_9113,Teams
urllc_8314,Teams
urllc_8315,Teams
urllc_7116,Teams
urllc_7115,Teams
urllc_7114,Teams
urllc_7113,Teams
urllc_4114,Teams
urllc_4115,Teams
urllc_8316,Teams
urllc_508,Teams
urllc_4116,Teams
urllc_8313,Teams
urllc_212,Teams
urllc_5213,Teams
urllc_7213,Teams
urllc_8216,Teams
urllc_5113,Teams
urllc_5114,Teams
urllc_5115,Teams
urllc_5116,Teams
urllc_8213,Teams
urllc_112,Teams
urllc_408,Teams
urllc_5314,Teams
urllc_5315,Teams
urllc_407,Teams
urllc_507,Teams
urllc_5216,Teams
urllc_5215,Teams
urllc_7216,Teams
urllc_5214,Teams
urllc_7215,Teams
urllc_7214,Teams
urllc_8214,Teams
urllc_4308,Twitch
urllc_5208,Twitch
urllc_6308,Twitch
urllc_5207,Twitch
urllc_5107,Twitch
urllc_5205,Twitch
urllc_5106,Twitch
urllc_5105,Twitch
urllc_4105,Twitch
urllc_4106,Twitch
urllc_4107,Twitch
urllc_4205,Twitch
urllc_5308,Twitch
urllc_4206,Twitch
urllc_5206,Twitch
urllc_4207,Twitch
urllc_5307,Twitch
urllc_5306,Twitch
urllc_5305,Twitch
urllc_4108,Twitch
urllc_5108,Twitch
urllc_4305,Twitch
urllc_4306,Twitch
urllc_4307,Twitch
urllc_4208,Twitch
urllc_6307,Twitch
urllc_8307,Twitch
urllc_6305,Twitch
urllc_9106,Twitch
urllc_9107,Twitch
urllc_7208,Twitch
urllc_7207,Twitch
urllc_7206,Twitch
urllc_7205,Twitch
urllc_9108,Twitch
urllc_9205,Twitch
urllc_9206,Twitch
urllc_9207,Twitch
urllc_7108,Twitch
urllc_7107,Twitch
urllc_7106,Twitch
urllc_7105,Twitch
urllc_9208,Twitch
urllc_9305,Twitch
urllc_9306,Twitch
urllc_9307,Twitch
urllc_9308,Twitch
urllc_6306,Twitch
urllc_8105,Twitch
urllc_8106,Twitch
urllc_8308,Twitch
urllc_8306,Twitch
urllc_8305,Twitch
urllc_8107,Twitch
urllc_8108,Twitch
urllc_8205,Twitch
urllc_8206,Twitch
urllc_9105,Twitch
urllc_504,Twitch
urllc_7305,Twitch
urllc_7306,Twitch
urllc_103,Twitch
urllc_104,Twitch
urllc_6208,Twitch
urllc_6207,Twitch
urllc_6206,Twitch
urllc_6205,Twitch
urllc_203,Twitch
urllc_8208,Twitch
urllc_6108,Twitch
urllc_6107,Twitch
urllc_6106,Twitch
urllc_204,Twitch
urllc_503,Twitch
urllc_7307,Twitch
urllc_7308,Twitch
urllc_6105,Twitch
urllc_404,Twitch
urllc_403,Twitch
urllc_8207,Twitch
urllc_303,Twitch
urllc_304,Twitch
mmtc_202,WhatsApp
mmtc_302,WhatsApp
mmtc_201,WhatsApp
mmtc_102,WhatsApp
mmtc_101,WhatsApp
mmtc_301,WhatsApp
embb_202,YouTube
embb_201,YouTube
embb_301,YouTube
embb_302,YouTube
embb_102,YouTube
embb_101,YouTube
urllc_8210,Zoom
urllc_7311,Zoom
urllc_7310,Zoom
urllc_7309,Zoom
urllc_4212,Zoom
urllc_4211,Zoom
urllc_4210,Zoom
urllc_4209,Zoom
urllc_7312,Zoom
urllc_5109,Zoom
urllc_306,Zoom
urllc_5110,Zoom
urllc_5111,Zoom
urllc_8209,Zoom
urllc_406,Zoom
urllc_5112,Zoom
urllc_7212,Zoom
urllc_305,Zoom
urllc_6109,Zoom
urllc_206,Zoom
urllc_205,Zoom
urllc_6309,Zoom
urllc_6310,Zoom
urllc_6311,Zoom
urllc_6312,Zoom
urllc_6212,Zoom
urllc_105,Zoom
urllc_4312,Zoom
urllc_4311,Zoom
urllc_4310,Zoom
urllc_4309,Zoom
urllc_106,Zoom
urllc_6211,Zoom
urllc_6210,Zoom
urllc_6209,Zoom
urllc_6112,Zoom
urllc_6111,Zoom
urllc_6110,Zoom
urllc_505,Zoom
urllc_506,Zoom
urllc_405,Zoom
urllc_7210,Zoom
urllc_5211,Zoom
urllc_7211,Zoom
urllc_8312,Zoom
urllc_9309,Zoom
urllc_9310,Zoom
urllc_9311,Zoom
urllc_8311,Zoom
urllc_8310,Zoom
urllc_8309,Zoom
urllc_8212,Zoom
urllc_5312,Zoom
urllc_5311,Zoom
urllc_5310,Zoom
urllc_5309,Zoom
urllc_8211,Zoom
urllc_8109,Zoom
urllc_8110,Zoom
urllc_8111,Zoom
urllc_8112,Zoom
urllc_5210,Zoom
urllc_9212,Zoom
urllc_5212,Zoom
urllc_9210,Zoom
urllc_7209,Zoom
urllc_7112,Zoom
urllc_9109,Zoom
urllc_9110,Zoom
urllc_9111,Zoom
urllc_4112,Zoom
urllc_4111,Zoom
urllc_4110,Zoom
urllc_9211,Zoom
urllc_9112,Zoom
urllc_4109,Zoom
urllc_7110,Zoom
urllc_9209,Zoom
urllc_7111,Zoom
urllc_5209,Zoom
urllc_9312,Zoom
urllc_7109,Zoom
mmtc_306,maps
mmtc_106,maps
mmtc_205,maps
mmtc_305,maps
mmtc_206,maps
mmtc_105,maps
embb_204,spotify
embb_304,spotify
embb_104,spotify
embb_103,spotify
embb_303,spotify
embb_203,spotify
