App Name,No.,Time,Source,Destination,Protocol,Length
Twitch,1,0.000000,172.30.1.1,172.30.1.250,DNS,116
Twitch,2,0.040542,172.30.1.250,172.30.1.1,DNS,244
Twitch,3,0.043969,172.30.1.1,172.30.1.250,TCP,108
Twitch,4,0.136647,172.30.1.250,172.30.1.1,TCP,96
Twitch,5,0.136899,172.30.1.1,172.30.1.250,TCP,88
Twitch,6,0.141027,172.30.1.1,172.30.1.250,TLSv1.2,604
Twitch,7,0.141526,172.30.1.250,172.30.1.1,TCP,88
Twitch,8,0.231893,172.30.1.250,172.30.1.1,TLSv1.2,1424
Twitch,9,0.232122,172.30.1.1,172.30.1.250,TCP,88
Twitch,10,0.235399,172.30.1.250,172.30.1.1,TCP,2760
Twitch,11,0.235481,172.30.1.1,172.30.1.250,TCP,88
Twitch,12,0.235497,172.30.1.250,172.30.1.1,TLSv1.2,1520
Twitch,13,0.235659,172.30.1.1,172.30.1.250,TCP,88
Twitch,14,0.251153,172.30.1.1,172.30.1.250,TLSv1.2,212
Twitch,15,0.251327,172.30.1.250,172.30.1.1,TCP,88
Twitch,16,0.335910,172.30.1.250,172.30.1.1,TLSv1.2,260
Twitch,17,0.339018,172.30.1.1,172.30.1.250,TLSv1.2,372
Twitch,18,0.339199,172.30.1.250,172.30.1.1,TCP,88
Twitch,19,0.430622,172.30.1.250,172.30.1.1,TLSv1.2,284
Twitch,20,0.435557,172.30.1.1,172.30.1.250,TLSv1.2,164
Twitch,21,0.435743,172.30.1.250,172.30.1.1,TCP,88
Twitch,22,0.435872,172.30.1.1,172.30.1.250,TLSv1.2,164
Twitch,23,0.435895,172.30.1.250,172.30.1.1,TCP,88
Twitch,24,0.435951,172.30.1.1,172.30.1.250,TLSv1.2,140
Twitch,25,0.435996,172.30.1.250,172.30.1.1,TCP,88
Twitch,26,0.521015,172.30.1.250,172.30.1.1,TLSv1.2,180
Twitch,27,0.541447,172.30.1.250,172.30.1.1,TLSv1.2,604
Twitch,28,0.543515,172.30.1.1,172.30.1.250,TCP,88
Twitch,29,0.556578,172.30.1.1,172.30.1.250,TLSv1.2,192
Twitch,30,0.556714,172.30.1.250,172.30.1.1,TCP,88
Twitch,31,0.560203,172.30.1.1,172.30.1.250,DNS,136
Twitch,32,0.592131,172.30.1.250,172.30.1.1,DNS,372
Twitch,33,0.598862,172.30.1.1,172.30.1.250,TCP,108
Twitch,34,0.665998,172.30.1.250,172.30.1.1,TLSv1.2,340
Twitch,35,0.668210,172.30.1.250,172.30.1.1,TLSv1.2,384
Twitch,36,0.669127,172.30.1.1,172.30.1.250,TCP,88
Twitch,37,0.691804,172.30.1.250,172.30.1.1,TCP,96
Twitch,38,0.692136,172.30.1.1,172.30.1.250,TCP,88
Twitch,39,0.698544,172.30.1.1,172.30.1.250,TLSv1.2,604
Twitch,40,0.698785,172.30.1.250,172.30.1.1,TCP,88
Twitch,41,0.794067,172.30.1.250,172.30.1.1,TLSv1.2,4096
Twitch,42,0.794427,172.30.1.1,172.30.1.250,TCP,88
Twitch,43,0.797489,172.30.1.250,172.30.1.1,TLSv1.2,1640
Twitch,44,0.798167,172.30.1.1,172.30.1.250,TCP,88
Twitch,45,0.824951,172.30.1.1,172.30.1.250,TLSv1.2,212
Twitch,46,0.825147,172.30.1.250,172.30.1.1,TCP,88
Twitch,47,0.927150,172.30.1.250,172.30.1.1,TLSv1.2,328
Twitch,48,0.931639,172.30.1.1,172.30.1.250,TLSv1.2,140
Twitch,49,0.931704,172.30.1.250,172.30.1.1,TCP,88
Twitch,50,0.931824,172.30.1.1,172.30.1.250,TLSv1.2,132
Twitch,51,0.931834,172.30.1.250,172.30.1.1,TCP,88
Twitch,52,0.931967,172.30.1.1,172.30.1.250,TLSv1.2,128
Twitch,53,0.931987,172.30.1.250,172.30.1.1,TCP,88
Twitch,54,0.935462,172.30.1.1,172.30.1.250,TLSv1.2,920
Twitch,55,0.935500,172.30.1.250,172.30.1.1,TCP,88
Twitch,56,0.935669,172.30.1.1,172.30.1.250,TLSv1.2,124
Twitch,57,0.935677,172.30.1.250,172.30.1.1,TCP,88
Twitch,58,0.935853,172.30.1.1,172.30.1.250,TLSv1.2,8308
Twitch,59,0.935911,172.30.1.250,172.30.1.1,TCP,88
Twitch,60,0.936197,172.30.1.1,172.30.1.250,TLSv1.2,8308
Twitch,61,0.936222,172.30.1.250,172.30.1.1,TCP,88
Twitch,62,0.936472,172.30.1.1,172.30.1.250,TLSv1.2,7600
Twitch,63,0.936510,172.30.1.250,172.30.1.1,TCP,88
Twitch,64,1.020727,172.30.1.250,172.30.1.1,TLSv1.2,124
Twitch,65,1.035645,172.30.1.250,172.30.1.1,TLSv1.2,128
Twitch,66,1.035924,172.30.1.1,172.30.1.250,TCP,88
Twitch,67,1.123440,172.30.1.250,172.30.1.1,TLSv1.2,224
Twitch,68,1.169781,172.30.1.1,172.30.1.250,TCP,88
Twitch,69,1.696117,172.30.1.1,172.30.1.250,UDP,932
Twitch,70,1.701874,172.30.1.1,172.30.1.250,UDP,700
Twitch,71,1.717448,172.30.1.1,172.30.1.250,DNS,112
Twitch,72,1.765206,172.30.1.1,172.30.1.250,DNS,108
Twitch,73,1.855252,172.30.1.250,172.30.1.1,DNS,172
Twitch,74,1.858467,172.30.1.1,172.30.1.250,TCP,108
Twitch,75,1.860396,172.30.1.250,172.30.1.1,DNS,128
Twitch,76,1.862732,172.30.1.1,172.30.1.250,TCP,108
Twitch,77,1.895414,172.30.1.250,172.30.1.1,TCP,96
Twitch,78,1.895866,172.30.1.1,172.30.1.250,TCP,88
Twitch,79,1.896819,172.30.1.1,172.30.1.250,TLSv1.3,604
Twitch,80,1.897027,172.30.1.250,172.30.1.1,TCP,88
Twitch,81,1.897400,172.30.1.250,172.30.1.1,TCP,96
Twitch,82,1.897495,172.30.1.1,172.30.1.250,TCP,88
Twitch,83,1.899351,172.30.1.1,172.30.1.250,TLSv1.3,604
Twitch,84,1.899604,172.30.1.250,172.30.1.1,TCP,88
Twitch,85,1.935305,172.30.1.250,172.30.1.1,TLSv1.3,2760
Twitch,86,1.935527,172.30.1.1,172.30.1.250,TCP,88
Twitch,87,1.935549,172.30.1.250,172.30.1.1,TCP,2760
Twitch,88,1.935589,172.30.1.1,172.30.1.250,TCP,88
Twitch,89,1.937944,172.30.1.250,172.30.1.1,TLSv1.3,328
Twitch,90,1.938137,172.30.1.1,172.30.1.250,TCP,88
Twitch,91,1.939712,172.30.1.1,172.30.1.250,TLSv1.3,152
Twitch,92,1.939787,172.30.1.250,172.30.1.1,TCP,88
Twitch,93,1.940710,172.30.1.1,172.30.1.250,TLSv1.3,1544
Twitch,94,1.940790,172.30.1.250,172.30.1.1,TCP,88
Twitch,95,1.941076,172.30.1.250,172.30.1.1,TLSv1.3,720
Twitch,96,1.941145,172.30.1.1,172.30.1.250,TCP,88
Twitch,97,1.949939,172.30.1.1,172.30.1.250,TLSv1.3,152
Twitch,98,1.950057,172.30.1.250,172.30.1.1,TCP,88
Twitch,99,1.951309,172.30.1.1,172.30.1.250,TLSv1.3,1088
Twitch,100,1.951425,172.30.1.250,172.30.1.1,TCP,88
Twitch,101,1.960173,172.30.1.1,172.30.1.250,UDP,932
Twitch,102,1.970072,172.30.1.250,172.30.1.1,TLSv1.3,232
Twitch,103,1.982996,172.30.1.250,172.30.1.1,TLSv1.3,232
Twitch,104,1.992134,172.30.1.250,172.30.1.1,TLSv1.3,680
Twitch,105,1.992492,172.30.1.1,172.30.1.250,TCP,88
Twitch,106,2.016322,172.30.1.1,172.30.1.250,TCP,88
Twitch,107,2.116168,172.30.1.250,172.30.1.1,TLSv1.3,952
Twitch,108,2.116657,172.30.1.1,172.30.1.250,TCP,88
Twitch,109,2.125411,172.30.1.1,172.30.1.250,DNS,108
Twitch,110,2.158610,172.30.1.250,172.30.1.1,DNS,172
Twitch,111,2.164288,172.30.1.1,172.30.1.250,TCP,108
Twitch,112,2.213030,172.30.1.250,172.30.1.1,TCP,96
Twitch,113,2.213275,172.30.1.1,172.30.1.250,TCP,88
Twitch,114,2.217736,172.30.1.1,172.30.1.250,TLSv1.3,604
Twitch,115,2.218648,172.30.1.250,172.30.1.1,TCP,88
Twitch,116,2.273773,172.30.1.250,172.30.1.1,TLSv1.3,328
Twitch,117,2.274145,172.30.1.1,172.30.1.250,TCP,88
Twitch,118,2.276774,172.30.1.1,172.30.1.250,TLSv1.3,152
Twitch,119,2.276972,172.30.1.250,172.30.1.1,TCP,88
Twitch,120,2.278337,172.30.1.1,172.30.1.250,TLSv1.3,304
Twitch,121,2.278423,172.30.1.250,172.30.1.1,TCP,88
Twitch,122,2.329855,172.30.1.250,172.30.1.1,TLSv1.3,756
Twitch,123,2.373928,172.30.1.1,172.30.1.250,TCP,88
Twitch,124,2.486278,172.30.1.1,172.30.1.250,UDP,700
Twitch,125,2.507720,172.30.1.1,172.30.1.250,DNS,116
Twitch,126,2.541813,172.30.1.250,172.30.1.1,DNS,244
Twitch,127,2.552267,172.30.1.1,172.30.1.250,TCP,108
Twitch,128,2.642014,172.30.1.250,172.30.1.1,TCP,96
Twitch,129,2.642381,172.30.1.1,172.30.1.250,TCP,88
Twitch,130,2.644448,172.30.1.1,172.30.1.250,TLSv1.2,604
Twitch,131,2.645222,172.30.1.250,172.30.1.1,TCP,88
Twitch,132,2.741281,172.30.1.250,172.30.1.1,TLSv1.2,5528
Twitch,133,2.746400,172.30.1.1,172.30.1.250,TCP,88
Twitch,134,2.749454,172.30.1.1,172.30.1.250,UDP,1324
Twitch,135,2.754486,172.30.1.1,172.30.1.250,TLSv1.2,212
Twitch,136,2.754936,172.30.1.250,172.30.1.1,TCP,88
Twitch,137,2.843408,172.30.1.250,172.30.1.1,TLSv1.2,260
Twitch,138,2.845788,172.30.1.1,172.30.1.250,TLSv1.2,772
Twitch,139,2.845971,172.30.1.250,172.30.1.1,TCP,88
Twitch,140,2.936995,172.30.1.250,172.30.1.1,TLSv1.2,284
Twitch,141,2.940297,172.30.1.1,172.30.1.250,TLSv1.2,136
Twitch,142,2.940464,172.30.1.250,172.30.1.1,TCP,88
Twitch,143,2.941933,172.30.1.1,172.30.1.250,TLSv1.2,308
Twitch,144,2.942050,172.30.1.250,172.30.1.1,TCP,88
Twitch,145,2.942166,172.30.1.1,172.30.1.250,TLSv1.2,676
Twitch,146,2.942251,172.30.1.250,172.30.1.1,TCP,88
Twitch,147,2.943399,172.30.1.1,172.30.1.250,TLSv1.2,300
Twitch,148,2.943502,172.30.1.250,172.30.1.1,TCP,88
Twitch,149,2.943610,172.30.1.1,172.30.1.250,TLSv1.2,908
Twitch,150,2.943993,172.30.1.250,172.30.1.1,TCP,88
Twitch,151,3.028356,172.30.1.250,172.30.1.1,TLSv1.2,140
Twitch,152,3.040520,172.30.1.250,172.30.1.1,TLSv1.2,196
Twitch,153,3.040825,172.30.1.1,172.30.1.250,TCP,88
Twitch,154,3.049969,172.30.1.1,172.30.1.250,UDP,1324
Twitch,155,3.080571,172.30.1.250,172.30.1.1,TLSv1.2,764
Twitch,156,3.098959,172.30.1.1,172.30.1.250,TLSv1.2,784
Twitch,157,3.099133,172.30.1.250,172.30.1.1,TCP,88
Twitch,158,3.099267,172.30.1.1,172.30.1.250,TLSv1.2,10048
Twitch,159,3.099332,172.30.1.1,172.30.1.250,TLSv1.2,6568
Twitch,160,3.099452,172.30.1.250,172.30.1.1,TCP,88
Twitch,161,3.099527,172.30.1.1,172.30.1.250,TLSv1.2,7600
Twitch,162,3.099608,172.30.1.250,172.30.1.1,TCP,88
Twitch,163,3.121903,172.30.1.1,172.30.1.250,TCP,88
Twitch,164,3.197472,172.30.1.250,172.30.1.1,TLSv1.2,128
Twitch,165,3.198167,172.30.1.1,172.30.1.250,TCP,88
Twitch,166,3.283389,172.30.1.250,172.30.1.1,TLSv1.2,128
Twitch,167,3.283674,172.30.1.1,172.30.1.250,TCP,88
Twitch,168,3.286174,172.30.1.250,172.30.1.1,TLSv1.2,224
Twitch,169,3.286430,172.30.1.1,172.30.1.250,TCP,88
Twitch,170,3.351890,172.30.1.1,172.30.1.250,UDP,1324
Twitch,171,3.535474,172.30.1.1,172.30.1.250,UDP,932
Twitch,172,3.654810,172.30.1.1,172.30.1.250,UDP,112
Twitch,173,5.758873,172.30.1.1,172.30.1.250,UDP,700
Twitch,174,9.970398,172.30.1.1,172.30.1.250,UDP,932
Twitch,175,13.586550,172.30.1.1,172.30.1.250,UDP,152
Twitch,176,13.597964,172.30.1.1,172.30.1.250,DNS,108
Twitch,177,13.803899,172.30.1.250,172.30.1.1,DNS,160
Twitch,178,13.808820,172.30.1.1,172.30.1.250,TCP,108
Twitch,179,13.849229,172.30.1.1,172.30.1.250,TCP,108
Twitch,180,13.851206,172.30.1.250,172.30.1.1,TCP,96
Twitch,181,13.851472,172.30.1.1,172.30.1.250,TCP,88
Twitch,182,13.852722,172.30.1.1,172.30.1.250,TLSv1.3,812
Twitch,183,13.853018,172.30.1.250,172.30.1.1,TCP,88
Twitch,184,13.884294,172.30.1.250,172.30.1.1,TCP,96
Twitch,185,13.884730,172.30.1.1,172.30.1.250,TCP,88
Twitch,186,13.887180,172.30.1.1,172.30.1.250,TLSv1.3,604
Twitch,187,13.887552,172.30.1.250,172.30.1.1,TCP,88
Twitch,188,13.888907,172.30.1.250,172.30.1.1,TLSv1.3,540
Twitch,189,13.889184,172.30.1.1,172.30.1.250,TCP,88
Twitch,190,13.890595,172.30.1.1,172.30.1.250,TLSv1.3,152
Twitch,191,13.890864,172.30.1.250,172.30.1.1,TCP,88
Twitch,192,13.891755,172.30.1.1,172.30.1.250,TLSv1.3,180
Twitch,193,13.892544,172.30.1.250,172.30.1.1,TCP,88
Twitch,194,13.908494,172.30.1.1,172.30.1.250,QUIC,1324
Twitch,195,13.910241,172.30.1.1,172.30.1.250,TLSv1.3,1016
Twitch,196,13.910269,172.30.1.1,172.30.1.250,TLSv1.3,328
Twitch,197,13.910402,172.30.1.250,172.30.1.1,TCP,88
Twitch,198,13.923764,172.30.1.250,172.30.1.1,TLSv1.3,148
Twitch,199,13.924273,172.30.1.1,172.30.1.250,TLSv1.3,120
Twitch,200,13.924416,172.30.1.250,172.30.1.1,TCP,88
Twitch,201,13.930995,172.30.1.250,172.30.1.1,TLSv1.3,1424
Twitch,202,13.931669,172.30.1.1,172.30.1.250,TCP,88
Twitch,203,13.934447,172.30.1.250,172.30.1.1,TLSv1.3,3804
Twitch,204,13.935511,172.30.1.1,172.30.1.250,TCP,88
Twitch,205,13.935570,172.30.1.1,172.30.1.250,TLSv1.3,152
Twitch,206,13.935774,172.30.1.250,172.30.1.1,TCP,88
Twitch,207,13.951327,172.30.1.250,172.30.1.1,QUIC,1356
Twitch,208,13.953786,172.30.1.1,172.30.1.250,QUIC,1324
Twitch,209,13.954079,172.30.1.1,172.30.1.250,QUIC,260
Twitch,210,13.985869,172.30.1.250,172.30.1.1,QUIC,100
Twitch,211,14.012148,172.30.1.1,172.30.1.250,QUIC,116
Twitch,212,14.063871,172.30.1.250,172.30.1.1,TLSv1.3,392
Twitch,213,14.107083,172.30.1.1,172.30.1.250,TCP,88
Twitch,214,15.915279,172.30.1.1,172.30.1.250,QUIC,932
Twitch,215,15.919854,172.30.1.1,172.30.1.250,QUIC,700
Twitch,216,15.982934,172.30.1.250,172.30.1.1,TLSv1.2,256
Twitch,217,15.983270,172.30.1.1,172.30.1.250,TCP,88
Twitch,218,16.013037,172.30.1.250,172.30.1.1,QUIC,100
Twitch,219,16.158685,172.30.1.250,172.30.1.1,QUIC,1356
Twitch,220,16.158884,172.30.1.250,172.30.1.1,QUIC,1356
Twitch,221,16.158958,172.30.1.250,172.30.1.1,QUIC,1356
Twitch,222,16.159024,172.30.1.250,172.30.1.1,QUIC,1356
Twitch,223,16.159079,172.30.1.250,172.30.1.1,QUIC,1356
Twitch,224,16.159130,172.30.1.250,172.30.1.1,QUIC,1356
Twitch,225,16.159181,172.30.1.250,172.30.1.1,QUIC,1356
Twitch,226,16.159236,172.30.1.1,172.30.1.250,QUIC,116
Twitch,227,16.159370,172.30.1.1,172.30.1.250,QUIC,116
Twitch,228,16.159430,172.30.1.1,172.30.1.250,QUIC,116
Twitch,229,16.159531,172.30.1.250,172.30.1.1,QUIC,1356
Twitch,230,16.159669,172.30.1.250,172.30.1.1,QUIC,1356
Twitch,231,16.159785,172.30.1.250,172.30.1.1,QUIC,652
Twitch,232,16.160586,172.30.1.1,172.30.1.250,QUIC,116
Twitch,233,16.160823,172.30.1.1,172.30.1.250,QUIC,116
Twitch,234,20.433095,172.30.1.1,172.30.1.250,TLSv1.2,124
Twitch,235,20.433417,172.30.1.250,172.30.1.1,TCP,88
Twitch,236,20.662661,172.30.1.250,172.30.1.1,TLSv1.2,120
Twitch,237,20.709888,172.30.1.1,172.30.1.250,TCP,88
Twitch,238,31.715026,172.30.1.1,172.30.1.250,QUIC,1028
Twitch,239,31.715712,172.30.1.1,172.30.1.250,QUIC,324
Twitch,240,31.849540,172.30.1.1,172.30.1.250,QUIC,1028
Twitch,241,31.922941,172.30.1.250,172.30.1.1,QUIC,100
Twitch,242,32.094932,172.30.1.250,172.30.1.1,QUIC,324
Twitch,243,32.115936,172.30.1.250,172.30.1.1,QUIC,324
Twitch,244,32.116870,172.30.1.1,172.30.1.250,QUIC,116
Twitch,245,33.104080,172.30.1.1,172.30.1.250,TLSv1.2,788
Twitch,246,33.104523,172.30.1.1,172.30.1.250,TLSv1.2,10048
Twitch,247,33.105233,172.30.1.250,172.30.1.1,TCP,88
Twitch,248,33.105576,172.30.1.1,172.30.1.250,TLSv1.2,3988
Twitch,249,33.105831,172.30.1.250,172.30.1.1,TCP,88
Twitch,250,33.267363,172.30.1.250,172.30.1.1,TLSv1.2,128
Twitch,251,33.269021,172.30.1.1,172.30.1.250,TCP,88
Twitch,252,33.361544,172.30.1.250,172.30.1.1,TLSv1.2,224
Twitch,253,33.362114,172.30.1.1,172.30.1.250,TCP,88
Twitch,254,40.434398,172.30.1.1,172.30.1.250,TLSv1.2,124
Twitch,255,40.434831,172.30.1.250,172.30.1.1,TCP,88
Twitch,256,40.717845,172.30.1.250,172.30.1.1,TLSv1.2,120
Twitch,257,40.718337,172.30.1.1,172.30.1.250,TCP,88
Twitch,258,60.436759,172.30.1.1,172.30.1.250,TLSv1.2,124
Twitch,259,60.438039,172.30.1.250,172.30.1.1,TCP,88
Twitch,260,60.723808,172.30.1.250,172.30.1.1,TLSv1.2,120
Twitch,261,60.724331,172.30.1.1,172.30.1.250,TCP,88
Twitch,262,61.717403,172.30.1.1,172.30.1.250,QUIC,1324
Twitch,263,61.718425,172.30.1.1,172.30.1.250,TLSv1.3,148
Twitch,264,61.718440,172.30.1.1,172.30.1.250,TLSv1.3,128
Twitch,265,61.718446,172.30.1.1,172.30.1.250,TLSv1.3,328
Twitch,266,61.718544,172.30.1.250,172.30.1.1,TCP,88
Twitch,267,61.878798,172.30.1.1,172.30.1.250,QUIC,1324
Twitch,268,61.904602,172.30.1.250,172.30.1.1,TLSv1.3,128
Twitch,269,61.906430,172.30.1.1,172.30.1.250,TCP,88
Twitch,270,61.906512,172.30.1.250,172.30.1.1,QUIC,1356
Twitch,271,61.913727,172.30.1.250,172.30.1.1,QUIC,1356
Twitch,272,61.917129,172.30.1.1,172.30.1.250,QUIC,1324
Twitch,273,61.917889,172.30.1.1,172.30.1.250,QUIC,260
Twitch,274,61.951443,172.30.1.250,172.30.1.1,QUIC,100
Twitch,275,61.952141,172.30.1.1,172.30.1.250,QUIC,116
Twitch,276,62.001359,172.30.1.250,172.30.1.1,TLSv1.3,348
Twitch,277,62.001753,172.30.1.1,172.30.1.250,TCP,88
Twitch,278,62.010282,172.30.1.1,172.30.1.250,TLSv1.3,124
Twitch,279,62.010481,172.30.1.250,172.30.1.1,TCP,88
Twitch,280,66.020439,172.30.1.250,172.30.1.1,TCP,88
Twitch,281,66.020793,172.30.1.250,172.30.1.1,TCP,88
Twitch,282,66.027718,172.30.1.250,172.30.1.1,TCP,88
Twitch,283,69.182339,172.30.1.1,172.30.1.250,TLSv1.2,788
Twitch,284,69.182541,172.30.1.1,172.30.1.250,TLSv1.2,10048
Twitch,285,69.182866,172.30.1.250,172.30.1.1,TCP,88
Twitch,286,69.183013,172.30.1.1,172.30.1.250,TLSv1.2,4456
Twitch,287,69.183064,172.30.1.250,172.30.1.1,TCP,88
Twitch,288,69.355198,172.30.1.250,172.30.1.1,TLSv1.2,128
Twitch,289,69.356063,172.30.1.1,172.30.1.250,TCP,88
Twitch,290,69.452231,172.30.1.250,172.30.1.1,TLSv1.2,224
Twitch,291,69.452503,172.30.1.1,172.30.1.250,TCP,88
Twitch,292,76.217099,172.30.1.250,172.30.1.1,TCP,88
Twitch,293,76.217687,172.30.1.250,172.30.1.1,TCP,88
Twitch,294,80.302887,172.30.1.1,172.30.1.250,DNS,116
Twitch,295,80.398232,172.30.1.250,172.30.1.1,DNS,244
Twitch,296,80.403446,172.30.1.1,172.30.1.250,TCP,108
Twitch,297,80.437287,172.30.1.1,172.30.1.250,TLSv1.2,124
Twitch,298,80.437476,172.30.1.250,172.30.1.1,TCP,88
Twitch,299,80.495185,172.30.1.250,172.30.1.1,TCP,96
Twitch,300,80.495452,172.30.1.1,172.30.1.250,TCP,88
Twitch,301,80.497768,172.30.1.1,172.30.1.250,TLSv1.2,604
Twitch,302,80.498372,172.30.1.250,172.30.1.1,TCP,88
Twitch,303,80.528208,172.30.1.250,172.30.1.1,TLSv1.2,120
Twitch,304,80.528790,172.30.1.1,172.30.1.250,TCP,88
Twitch,305,80.590057,172.30.1.250,172.30.1.1,TLSv1.2,1424
Twitch,306,80.598563,172.30.1.1,172.30.1.250,TCP,88
Twitch,307,80.598747,172.30.1.250,172.30.1.1,TLSv1.2,4192
Twitch,308,80.599245,172.30.1.1,172.30.1.250,TCP,88
Twitch,309,80.607628,172.30.1.1,172.30.1.250,TLSv1.2,212
Twitch,310,80.607871,172.30.1.250,172.30.1.1,TCP,88
Twitch,311,80.706836,172.30.1.250,172.30.1.1,TLSv1.2,260
Twitch,312,80.710290,172.30.1.1,172.30.1.250,TLSv1.2,772
Twitch,313,80.710500,172.30.1.250,172.30.1.1,TCP,88
Twitch,314,80.802856,172.30.1.250,172.30.1.1,TLSv1.2,284
Twitch,315,80.806677,172.30.1.1,172.30.1.250,TLSv1.2,136
Twitch,316,80.806872,172.30.1.250,172.30.1.1,TCP,88
Twitch,317,80.808243,172.30.1.1,172.30.1.250,TLSv1.2,284
Twitch,318,80.808385,172.30.1.250,172.30.1.1,TCP,88
Twitch,319,80.809274,172.30.1.1,172.30.1.250,TLSv1.2,692
Twitch,320,80.809412,172.30.1.250,172.30.1.1,TCP,88
Twitch,321,80.809534,172.30.1.1,172.30.1.250,TLSv1.2,920
Twitch,322,80.809680,172.30.1.250,172.30.1.1,TCP,88
Twitch,323,80.809797,172.30.1.1,172.30.1.250,TLSv1.2,292
Twitch,324,80.810033,172.30.1.250,172.30.1.1,TCP,88
Twitch,325,80.901535,172.30.1.250,172.30.1.1,TLSv1.2,140
Twitch,326,80.912579,172.30.1.250,172.30.1.1,TLSv1.2,196
Twitch,327,80.913000,172.30.1.1,172.30.1.250,TCP,88
Twitch,328,80.952871,172.30.1.250,172.30.1.1,TLSv1.2,764
Twitch,329,80.993989,172.30.1.1,172.30.1.250,TCP,88
Twitch,330,91.720342,172.30.1.1,172.30.1.250,QUIC,1324
Twitch,331,91.721939,172.30.1.1,172.30.1.250,TLSv1.3,148
Twitch,332,91.721952,172.30.1.1,172.30.1.250,TLSv1.3,128
Twitch,333,91.721988,172.30.1.1,172.30.1.250,TLSv1.3,328
Twitch,334,91.722075,172.30.1.250,172.30.1.1,TCP,88
Twitch,335,92.054743,172.30.1.250,172.30.1.1,TLSv1.3,128
Twitch,336,92.055063,172.30.1.250,172.30.1.1,QUIC,1356
Twitch,337,92.058462,172.30.1.250,172.30.1.1,TLSv1.3,348
Twitch,338,92.060571,172.30.1.1,172.30.1.250,QUIC,1324
Twitch,339,92.061032,172.30.1.1,172.30.1.250,QUIC,260
Twitch,340,92.061948,172.30.1.1,172.30.1.250,TCP,88
Twitch,341,92.064030,172.30.1.1,172.30.1.250,TLSv1.3,124
Twitch,342,92.064146,172.30.1.250,172.30.1.1,TCP,88
Twitch,343,92.099296,172.30.1.250,172.30.1.1,QUIC,100
Twitch,344,92.125664,172.30.1.1,172.30.1.250,QUIC,116
Twitch,345,99.182933,172.30.1.1,172.30.1.250,TLSv1.2,788
Twitch,346,99.183189,172.30.1.1,172.30.1.250,TLSv1.2,10048
Twitch,347,99.183286,172.30.1.1,172.30.1.250,TLSv1.2,10048
Twitch,348,99.183616,172.30.1.250,172.30.1.1,TCP,88
Twitch,349,99.183780,172.30.1.1,172.30.1.250,TLSv1.2,5996
Twitch,350,99.183852,172.30.1.250,172.30.1.1,TCP,88
Twitch,351,99.467913,172.30.1.250,172.30.1.1,TLSv1.2,128
Twitch,352,99.468354,172.30.1.1,172.30.1.250,TCP,88
Twitch,353,99.656960,172.30.1.250,172.30.1.1,TLSv1.2,268
Twitch,354,99.657457,172.30.1.1,172.30.1.250,TCP,88
Twitch,355,100.438284,172.30.1.1,172.30.1.250,TLSv1.2,124
Twitch,356,100.439306,172.30.1.250,172.30.1.1,TCP,88
Twitch,357,100.623252,172.30.1.250,172.30.1.1,TLSv1.2,120
Twitch,358,100.624376,172.30.1.1,172.30.1.250,TCP,88
Twitch,359,120.438880,172.30.1.1,172.30.1.250,TLSv1.2,124
Twitch,360,120.439396,172.30.1.250,172.30.1.1,TCP,88
Twitch,361,120.529293,172.30.1.250,172.30.1.1,TLSv1.2,120
Twitch,362,120.529499,172.30.1.1,172.30.1.250,TCP,88
Twitch,363,121.719063,172.30.1.1,172.30.1.250,QUIC,1324
Twitch,364,121.722914,172.30.1.1,172.30.1.250,TLSv1.3,148
Twitch,365,121.722958,172.30.1.1,172.30.1.250,TLSv1.3,128
Twitch,366,121.722985,172.30.1.1,172.30.1.250,TLSv1.3,328
Twitch,367,121.723619,172.30.1.250,172.30.1.1,TCP,88
Twitch,368,121.815030,172.30.1.250,172.30.1.1,TLSv1.3,128
Twitch,369,121.818779,172.30.1.250,172.30.1.1,QUIC,1356
Twitch,370,121.820938,172.30.1.1,172.30.1.250,QUIC,1324
Twitch,371,121.821038,172.30.1.1,172.30.1.250,QUIC,260
Twitch,372,121.857232,172.30.1.250,172.30.1.1,QUIC,100
Twitch,373,121.857815,172.30.1.1,172.30.1.250,TCP,88
Twitch,374,121.884808,172.30.1.1,172.30.1.250,QUIC,116
Twitch,375,121.932802,172.30.1.250,172.30.1.1,TLSv1.3,348
Twitch,376,121.933399,172.30.1.1,172.30.1.250,TCP,88
Twitch,377,121.944571,172.30.1.1,172.30.1.250,TLSv1.3,124
Twitch,378,121.944829,172.30.1.250,172.30.1.1,TCP,88
Twitch,379,140.439731,172.30.1.1,172.30.1.250,TLSv1.2,124
Twitch,380,140.440164,172.30.1.250,172.30.1.1,TCP,88
Twitch,381,140.708826,172.30.1.250,172.30.1.1,TLSv1.2,120
Twitch,382,140.709339,172.30.1.1,172.30.1.250,TCP,88
Twitch,383,142.212529,172.30.1.250,172.30.1.1,TCP,88
Twitch,384,144.215173,172.30.1.1,172.30.1.250,TLSv1.2,788
Twitch,385,144.215545,172.30.1.1,172.30.1.250,TLSv1.2,10048
Twitch,386,144.215661,172.30.1.1,172.30.1.250,TLSv1.2,10048
Twitch,387,144.216081,172.30.1.250,172.30.1.1,TCP,88
Twitch,388,144.216291,172.30.1.1,172.30.1.250,TLSv1.2,4780
Twitch,389,144.216380,172.30.1.250,172.30.1.1,TCP,88
Twitch,390,144.384568,172.30.1.250,172.30.1.1,TLSv1.2,128
Twitch,391,144.385584,172.30.1.1,172.30.1.250,TCP,88
Twitch,392,144.495466,172.30.1.250,172.30.1.1,TLSv1.2,224
Twitch,393,144.495894,172.30.1.1,172.30.1.250,TCP,88
Twitch,394,145.658641,172.30.1.1,172.30.1.250,DNS,116
Twitch,395,145.745719,172.30.1.250,172.30.1.1,DNS,244
Twitch,396,145.750576,172.30.1.1,172.30.1.250,TCP,108
Twitch,397,145.839767,172.30.1.250,172.30.1.1,TCP,96
Twitch,398,145.840052,172.30.1.1,172.30.1.250,TCP,88
Twitch,399,145.848069,172.30.1.1,172.30.1.250,TLSv1.2,604
Twitch,400,145.848828,172.30.1.250,172.30.1.1,TCP,88
Twitch,401,145.947017,172.30.1.250,172.30.1.1,TLSv1.2,4096
Twitch,402,145.948161,172.30.1.1,172.30.1.250,TCP,88
Twitch,403,145.949567,172.30.1.250,172.30.1.1,TLSv1.2,1520
Twitch,404,145.950397,172.30.1.1,172.30.1.250,TCP,88
Twitch,405,145.964446,172.30.1.1,172.30.1.250,TLSv1.2,212
Twitch,406,145.964863,172.30.1.250,172.30.1.1,TCP,88
Twitch,407,146.066496,172.30.1.250,172.30.1.1,TLSv1.2,260
Twitch,408,146.072867,172.30.1.1,172.30.1.250,TLSv1.2,772
Twitch,409,146.073318,172.30.1.250,172.30.1.1,TCP,88
Twitch,410,146.166819,172.30.1.250,172.30.1.1,TLSv1.2,284
Twitch,411,146.171225,172.30.1.1,172.30.1.250,TLSv1.2,136
Twitch,412,146.171595,172.30.1.250,172.30.1.1,TCP,88
Twitch,413,146.175166,172.30.1.1,172.30.1.250,TLSv1.2,284
Twitch,414,146.175592,172.30.1.250,172.30.1.1,TCP,88
Twitch,415,146.175767,172.30.1.1,172.30.1.250,TLSv1.2,288
Twitch,416,146.175859,172.30.1.250,172.30.1.1,TCP,88
Twitch,417,146.178257,172.30.1.1,172.30.1.250,TLSv1.2,300
Twitch,418,146.178601,172.30.1.250,172.30.1.1,TCP,88
Twitch,419,146.178887,172.30.1.1,172.30.1.250,TLSv1.2,276
Twitch,420,146.178957,172.30.1.250,172.30.1.1,TCP,88
Twitch,421,146.179137,172.30.1.1,172.30.1.250,TLSv1.2,292
Twitch,422,146.179294,172.30.1.250,172.30.1.1,TCP,88
Twitch,423,146.179467,172.30.1.1,172.30.1.250,TLSv1.2,496
Twitch,424,146.179532,172.30.1.250,172.30.1.1,TCP,88
Twitch,425,146.179755,172.30.1.1,172.30.1.250,TLSv1.2,308
Twitch,426,146.179808,172.30.1.250,172.30.1.1,TCP,88
Twitch,427,146.179957,172.30.1.1,172.30.1.250,TLSv1.2,292
Twitch,428,146.180120,172.30.1.250,172.30.1.1,TCP,88
Twitch,429,146.259915,172.30.1.250,172.30.1.1,TLSv1.2,140
Twitch,430,146.272905,172.30.1.250,172.30.1.1,TLSv1.2,196
Twitch,431,146.273340,172.30.1.1,172.30.1.250,TCP,88
Twitch,432,146.317954,172.30.1.250,172.30.1.1,TLSv1.2,764
Twitch,433,146.362400,172.30.1.1,172.30.1.250,TCP,88
Twitch,434,151.729425,172.30.1.1,172.30.1.250,QUIC,1324
Twitch,435,151.731579,172.30.1.1,172.30.1.250,TLSv1.3,148
Twitch,436,151.731593,172.30.1.1,172.30.1.250,TLSv1.3,128
Twitch,437,151.731599,172.30.1.1,172.30.1.250,TLSv1.3,328
Twitch,438,151.731707,172.30.1.250,172.30.1.1,TCP,88
Twitch,439,152.010316,172.30.1.1,172.30.1.250,QUIC,1324
Twitch,440,152.051694,172.30.1.250,172.30.1.1,TLSv1.3,128
Twitch,441,152.051969,172.30.1.250,172.30.1.1,QUIC,1356
Twitch,442,152.063564,172.30.1.1,172.30.1.250,QUIC,1324
Twitch,443,152.064114,172.30.1.1,172.30.1.250,QUIC,256
Twitch,444,152.098251,172.30.1.1,172.30.1.250,TCP,88
Twitch,445,152.098347,172.30.1.250,172.30.1.1,QUIC,1356
Twitch,446,152.101954,172.30.1.250,172.30.1.1,QUIC,100
Twitch,447,152.103167,172.30.1.1,172.30.1.250,QUIC,116
Twitch,448,152.105313,172.30.1.250,172.30.1.1,TLSv1.3,348
Twitch,449,152.105669,172.30.1.1,172.30.1.250,TCP,88
Twitch,450,152.108855,172.30.1.1,172.30.1.250,TLSv1.3,124
Twitch,451,152.109009,172.30.1.250,172.30.1.1,TCP,88
Twitch,452,160.440535,172.30.1.1,172.30.1.250,TLSv1.2,124
Twitch,453,160.441023,172.30.1.250,172.30.1.1,TCP,88
Twitch,454,160.723927,172.30.1.250,172.30.1.1,TLSv1.2,120
Twitch,455,160.724383,172.30.1.1,172.30.1.250,TCP,88
Twitch,456,176.178567,172.30.1.1,172.30.1.250,TLSv1.2,788
Twitch,457,176.178992,172.30.1.1,172.30.1.250,TLSv1.2,10048
Twitch,458,176.179126,172.30.1.1,172.30.1.250,TLSv1.2,10048
Twitch,459,176.179805,172.30.1.250,172.30.1.1,TCP,88
Twitch,460,176.180145,172.30.1.1,172.30.1.250,TLSv1.2,2700
Twitch,461,176.180237,172.30.1.250,172.30.1.1,TCP,88
Twitch,462,176.633840,172.30.1.250,172.30.1.1,TLSv1.2,128
Twitch,463,176.634966,172.30.1.1,172.30.1.250,TCP,88
Twitch,464,176.808247,172.30.1.250,172.30.1.1,TLSv1.2,224
Twitch,465,176.808602,172.30.1.1,172.30.1.250,TCP,88
Twitch,466,180.441150,172.30.1.1,172.30.1.250,TLSv1.2,124
Twitch,467,180.441530,172.30.1.250,172.30.1.1,TCP,88
Twitch,468,180.595814,172.30.1.250,172.30.1.1,TLSv1.2,120
Twitch,469,180.596612,172.30.1.1,172.30.1.250,TCP,88
Twitch,470,181.731731,172.30.1.1,172.30.1.250,QUIC,1324
Twitch,471,181.736430,172.30.1.1,172.30.1.250,TLSv1.3,148
Twitch,472,181.736451,172.30.1.1,172.30.1.250,TLSv1.3,128
Twitch,473,181.736463,172.30.1.1,172.30.1.250,TLSv1.3,328
Twitch,474,181.736668,172.30.1.250,172.30.1.1,TCP,88
Twitch,475,181.790031,172.30.1.250,172.30.1.1,QUIC,1356
Twitch,476,181.793207,172.30.1.250,172.30.1.1,TLSv1.3,128
Twitch,477,181.800831,172.30.1.1,172.30.1.250,QUIC,1324
Twitch,478,181.801079,172.30.1.1,172.30.1.250,QUIC,264
Twitch,479,181.834303,172.30.1.1,172.30.1.250,TCP,88
Twitch,480,181.840983,172.30.1.250,172.30.1.1,QUIC,100
Twitch,481,181.868389,172.30.1.1,172.30.1.250,QUIC,116
Twitch,482,181.915066,172.30.1.250,172.30.1.1,TLSv1.3,348
Twitch,483,181.915445,172.30.1.1,172.30.1.250,TCP,88
Twitch,484,181.918633,172.30.1.1,172.30.1.250,TLSv1.3,124
Twitch,485,181.918775,172.30.1.250,172.30.1.1,TCP,88
Twitch,486,188.270934,172.30.1.1,172.30.1.250,TLSv1.2,308
Twitch,487,188.271494,172.30.1.250,172.30.1.1,TCP,88
Twitch,488,188.385343,172.30.1.1,172.30.1.250,TLSv1.2,280
Twitch,489,188.385488,172.30.1.250,172.30.1.1,TCP,88
Twitch,490,188.406657,172.30.1.1,172.30.1.250,TLSv1.2,292
Twitch,491,188.406977,172.30.1.250,172.30.1.1,TCP,88
Twitch,492,188.420829,172.30.1.1,172.30.1.250,TLSv1.2,788
Twitch,493,188.435518,172.30.1.250,172.30.1.1,TCP,88
Twitch,494,188.444171,172.30.1.1,172.30.1.250,TLSv1.2,8308
Twitch,495,188.444573,172.30.1.250,172.30.1.1,TCP,88
Twitch,496,188.444890,172.30.1.1,172.30.1.250,TLSv1.2,8308
Twitch,497,188.446618,172.30.1.250,172.30.1.1,TCP,88
Twitch,498,188.467263,172.30.1.1,172.30.1.250,TLSv1.2,2428
Twitch,499,188.467339,172.30.1.250,172.30.1.1,TCP,88
Twitch,500,188.626652,172.30.1.250,172.30.1.1,TLSv1.2,388
Twitch,501,188.626875,172.30.1.1,172.30.1.250,TCP,88
Twitch,502,188.627599,172.30.1.250,172.30.1.1,TLSv1.2,128
Twitch,503,188.627795,172.30.1.1,172.30.1.250,TCP,88
Twitch,504,188.717023,172.30.1.250,172.30.1.1,TLSv1.2,224
Twitch,505,188.717243,172.30.1.1,172.30.1.250,TCP,88
Twitch,506,200.442881,172.30.1.1,172.30.1.250,TLSv1.2,124
Twitch,507,200.448436,172.30.1.250,172.30.1.1,TCP,88
Twitch,508,200.728722,172.30.1.250,172.30.1.1,TLSv1.2,120
Twitch,509,200.728930,172.30.1.1,172.30.1.250,TCP,88
Twitch,510,206.840841,172.30.1.1,172.30.1.250,TLSv1.2,7844
Twitch,511,206.841483,172.30.1.250,172.30.1.1,TCP,88
Twitch,512,207.136559,172.30.1.250,172.30.1.1,TLSv1.2,224
Twitch,513,207.136820,172.30.1.1,172.30.1.250,TCP,88
Twitch,514,218.474054,172.30.1.1,172.30.1.250,TLSv1.2,788
Twitch,515,218.474469,172.30.1.250,172.30.1.1,TCP,88
Twitch,516,218.475973,172.30.1.1,172.30.1.250,TLSv1.2,8308
Twitch,517,218.476297,172.30.1.250,172.30.1.1,TCP,88
Twitch,518,218.479873,172.30.1.1,172.30.1.250,TLSv1.2,392
Twitch,519,218.480034,172.30.1.250,172.30.1.1,TCP,88
Twitch,520,218.765123,172.30.1.250,172.30.1.1,TLSv1.2,128
Twitch,521,218.765375,172.30.1.1,172.30.1.250,TCP,88
Twitch,522,218.768170,172.30.1.250,172.30.1.1,TLSv1.2,224
Twitch,523,218.768412,172.30.1.1,172.30.1.250,TCP,88
Twitch,524,220.444827,172.30.1.1,172.30.1.250,TLSv1.2,124
Twitch,525,220.445160,172.30.1.250,172.30.1.1,TCP,88
Twitch,526,220.594167,172.30.1.250,172.30.1.1,TLSv1.2,120
Twitch,527,220.594741,172.30.1.1,172.30.1.250,TCP,88
Twitch,528,240.458436,172.30.1.1,172.30.1.250,TLSv1.2,124
Twitch,529,240.458934,172.30.1.250,172.30.1.1,TCP,88
Twitch,530,240.751719,172.30.1.250,172.30.1.1,TLSv1.2,120
Twitch,531,240.752002,172.30.1.1,172.30.1.250,TCP,88
Twitch,532,243.757954,172.30.1.250,172.30.1.1,TCP,88
Twitch,533,248.313316,172.30.1.1,172.30.1.250,TLSv1.2,788
Twitch,534,248.313843,172.30.1.250,172.30.1.1,TCP,88
Twitch,535,248.315295,172.30.1.1,172.30.1.250,TLSv1.2,10048
Twitch,536,248.315386,172.30.1.1,172.30.1.250,TLSv1.2,336
Twitch,537,248.315525,172.30.1.250,172.30.1.1,TCP,88
Twitch,538,248.545314,172.30.1.250,172.30.1.1,TLSv1.2,224
Twitch,539,248.545857,172.30.1.1,172.30.1.250,TCP,88
Twitch,540,248.797412,172.30.1.250,172.30.1.1,TCP,88
Twitch,541,249.189139,172.30.1.1,172.30.1.250,TLSv1.2,5996
Twitch,542,249.190041,172.30.1.250,172.30.1.1,TCP,88
Twitch,543,249.287342,172.30.1.250,172.30.1.1,TLSv1.2,224
Twitch,544,249.287931,172.30.1.1,172.30.1.250,TCP,88
Twitch,545,250.969448,172.30.1.1,172.30.1.250,DNS,116
Twitch,546,251.030945,172.30.1.250,172.30.1.1,DNS,244
Twitch,547,251.044022,172.30.1.1,172.30.1.250,TCP,108
Twitch,548,251.133134,172.30.1.250,172.30.1.1,TCP,96
Twitch,549,251.134731,172.30.1.1,172.30.1.250,TCP,88
Twitch,550,251.145708,172.30.1.1,172.30.1.250,TLSv1.2,604
Twitch,551,251.146715,172.30.1.250,172.30.1.1,TCP,88
Twitch,552,251.252402,172.30.1.250,172.30.1.1,TLSv1.2,4096
Twitch,553,251.255078,172.30.1.1,172.30.1.250,TCP,88
Twitch,554,251.255186,172.30.1.250,172.30.1.1,TLSv1.2,1520
Twitch,555,251.258683,172.30.1.1,172.30.1.250,TCP,88
Twitch,556,251.295891,172.30.1.1,172.30.1.250,TLSv1.2,212
Twitch,557,251.296561,172.30.1.250,172.30.1.1,TCP,88
Twitch,558,251.391310,172.30.1.250,172.30.1.1,TLSv1.2,260
Twitch,559,251.405192,172.30.1.1,172.30.1.250,TLSv1.2,772
Twitch,560,251.405413,172.30.1.250,172.30.1.1,TCP,88
Twitch,561,251.502180,172.30.1.250,172.30.1.1,TLSv1.2,284
Twitch,562,251.511765,172.30.1.1,172.30.1.250,TLSv1.2,136
Twitch,563,251.512132,172.30.1.250,172.30.1.1,TCP,88
Twitch,564,251.514400,172.30.1.1,172.30.1.250,TLSv1.2,292
Twitch,565,251.514643,172.30.1.250,172.30.1.1,TCP,88
Twitch,566,251.522233,172.30.1.1,172.30.1.250,TLSv1.2,284
Twitch,567,251.522441,172.30.1.250,172.30.1.1,TCP,88
Twitch,568,251.524136,172.30.1.1,172.30.1.250,TLSv1.2,300
Twitch,569,251.524299,172.30.1.250,172.30.1.1,TCP,88
Twitch,570,251.525080,172.30.1.1,172.30.1.250,TLSv1.2,292
Twitch,571,251.525226,172.30.1.250,172.30.1.1,TCP,88
Twitch,572,251.525916,172.30.1.1,172.30.1.250,TLSv1.2,276
Twitch,573,251.526054,172.30.1.250,172.30.1.1,TCP,88
Twitch,574,251.526656,172.30.1.1,172.30.1.250,TLSv1.2,308
Twitch,575,251.526807,172.30.1.250,172.30.1.1,TCP,88
Twitch,576,251.600515,172.30.1.250,172.30.1.1,TLSv1.2,140
Twitch,577,251.612530,172.30.1.250,172.30.1.1,TLSv1.2,196
Twitch,578,251.614547,172.30.1.1,172.30.1.250,TCP,88
Twitch,579,251.622606,172.30.1.250,172.30.1.1,TLSv1.2,196
Twitch,580,251.659134,172.30.1.250,172.30.1.1,TLSv1.2,440
Twitch,581,251.659684,172.30.1.1,172.30.1.250,TCP,88
Twitch,582,260.467050,172.30.1.1,172.30.1.250,TLSv1.2,124
Twitch,583,260.468480,172.30.1.250,172.30.1.1,TCP,88
Twitch,584,260.776303,172.30.1.250,172.30.1.1,TLSv1.2,120
Twitch,585,260.778811,172.30.1.1,172.30.1.250,TCP,88
Twitch,586,275.197312,172.30.1.1,172.30.1.250,TLSv1.2,276
Twitch,587,275.198530,172.30.1.1,172.30.1.250,DNS,108
Twitch,588,275.209235,172.30.1.250,172.30.1.1,TCP,88
Twitch,589,275.209357,172.30.1.1,172.30.1.250,TLSv1.2,288
Twitch,590,275.209416,172.30.1.250,172.30.1.1,TCP,88
Twitch,591,275.215921,172.30.1.1,172.30.1.250,TLSv1.2,308
Twitch,592,275.216234,172.30.1.250,172.30.1.1,TCP,88
Twitch,593,275.343681,172.30.1.1,172.30.1.250,DNS,108
Twitch,594,275.465257,172.30.1.250,172.30.1.1,DNS,160
Twitch,595,275.469931,172.30.1.250,172.30.1.1,DNS,172
Twitch,596,275.492393,172.30.1.1,172.30.1.250,TCP,108
Twitch,597,275.497809,172.30.1.1,172.30.1.250,QUIC,1324
Twitch,598,275.534556,172.30.1.250,172.30.1.1,TLSv1.2,308
Twitch,599,275.534704,172.30.1.250,172.30.1.1,TLSv1.2,196
Twitch,600,275.535235,172.30.1.1,172.30.1.250,TCP,88
Twitch,601,275.537663,172.30.1.1,172.30.1.250,TLSv1.2,788
Twitch,602,275.537809,172.30.1.250,172.30.1.1,TCP,88
Twitch,603,275.537926,172.30.1.1,172.30.1.250,TLSv1.2,8308
Twitch,604,275.537984,172.30.1.1,172.30.1.250,TLSv1.2,10048
Twitch,605,275.538141,172.30.1.250,172.30.1.1,TCP,88
Twitch,606,275.538230,172.30.1.1,172.30.1.250,TLSv1.2,7304
Twitch,607,275.538291,172.30.1.250,172.30.1.1,TCP,88
Twitch,608,275.549724,172.30.1.250,172.30.1.1,TCP,96
Twitch,609,275.550145,172.30.1.1,172.30.1.250,TCP,88
Twitch,610,275.555598,172.30.1.250,172.30.1.1,QUIC,1356
Twitch,611,275.563001,172.30.1.1,172.30.1.250,TLSv1.3,604
Twitch,612,275.563491,172.30.1.250,172.30.1.1,TCP,88
Twitch,613,275.564750,172.30.1.1,172.30.1.250,QUIC,1324
Twitch,614,275.564936,172.30.1.1,172.30.1.250,QUIC,260
Twitch,615,275.570306,172.30.1.1,172.30.1.250,QUIC,932
Twitch,616,275.570590,172.30.1.1,172.30.1.250,QUIC,492
Twitch,617,275.602083,172.30.1.250,172.30.1.1,TLSv1.3,328
Twitch,618,275.603165,172.30.1.1,172.30.1.250,TCP,88
Twitch,619,275.603590,172.30.1.1,172.30.1.250,TLSv1.3,152
Twitch,620,275.603712,172.30.1.250,172.30.1.1,TCP,88
Twitch,621,275.604308,172.30.1.1,172.30.1.250,TLSv1.3,1544
Twitch,622,275.604423,172.30.1.250,172.30.1.1,TCP,88
Twitch,623,275.604677,172.30.1.250,172.30.1.1,QUIC,100
Twitch,624,275.630706,172.30.1.1,172.30.1.250,QUIC,116
Twitch,625,275.632418,172.30.1.250,172.30.1.1,TLSv1.2,128
Twitch,626,275.632718,172.30.1.1,172.30.1.250,TCP,88
Twitch,627,275.635340,172.30.1.250,172.30.1.1,TLSv1.3,232
Twitch,628,275.681944,172.30.1.1,172.30.1.250,TCP,88
Twitch,629,275.714650,172.30.1.250,172.30.1.1,QUIC,392
Twitch,630,275.722546,172.30.1.250,172.30.1.1,TLSv1.2,128
Twitch,631,275.723335,172.30.1.1,172.30.1.250,TCP,88
Twitch,632,275.733041,172.30.1.250,172.30.1.1,TLSv1.2,224
Twitch,633,275.733321,172.30.1.1,172.30.1.250,TCP,88
Twitch,634,275.737454,172.30.1.1,172.30.1.250,QUIC,936
Twitch,635,275.737578,172.30.1.1,172.30.1.250,QUIC,908
Twitch,636,275.780532,172.30.1.250,172.30.1.1,QUIC,100
Twitch,637,275.782216,172.30.1.250,172.30.1.1,TLSv1.3,952
Twitch,638,275.782398,172.30.1.1,172.30.1.250,TCP,88
Twitch,639,275.828725,172.30.1.1,172.30.1.250,DNS,108
Twitch,640,275.889843,172.30.1.250,172.30.1.1,DNS,172
Twitch,641,275.906330,172.30.1.1,172.30.1.250,TCP,108
Twitch,642,275.908142,172.30.1.250,172.30.1.1,QUIC,128
Twitch,643,275.908262,172.30.1.250,172.30.1.1,QUIC,1356
Twitch,644,275.908324,172.30.1.250,172.30.1.1,QUIC,1356
Twitch,645,275.908371,172.30.1.250,172.30.1.1,QUIC,1356
Twitch,646,275.908408,172.30.1.250,172.30.1.1,QUIC,1356
Twitch,647,275.908442,172.30.1.250,172.30.1.1,QUIC,1356
Twitch,648,275.908474,172.30.1.250,172.30.1.1,QUIC,1356
Twitch,649,275.908507,172.30.1.250,172.30.1.1,QUIC,1356
Twitch,650,275.908539,172.30.1.250,172.30.1.1,QUIC,1356
Twitch,651,275.908577,172.30.1.250,172.30.1.1,QUIC,1148
Twitch,652,275.911412,172.30.1.1,172.30.1.250,QUIC,116
Twitch,653,275.911871,172.30.1.1,172.30.1.250,QUIC,116
Twitch,654,275.912000,172.30.1.1,172.30.1.250,QUIC,116
Twitch,655,275.912184,172.30.1.1,172.30.1.250,QUIC,116
Twitch,656,275.916710,172.30.1.1,172.30.1.250,QUIC,116
Twitch,657,275.939483,172.30.1.250,172.30.1.1,TCP,96
Twitch,658,275.939835,172.30.1.1,172.30.1.250,TCP,88
Twitch,659,275.946018,172.30.1.1,172.30.1.250,TLSv1.3,604
Twitch,660,275.946537,172.30.1.250,172.30.1.1,TCP,88
Twitch,661,275.982654,172.30.1.250,172.30.1.1,TLSv1.3,328
Twitch,662,275.983242,172.30.1.1,172.30.1.250,TCP,88
Twitch,663,275.988596,172.30.1.1,172.30.1.250,TLSv1.3,152
Twitch,664,275.988812,172.30.1.250,172.30.1.1,TCP,88
Twitch,665,275.989556,172.30.1.1,172.30.1.250,TLSv1.3,304
Twitch,666,275.989818,172.30.1.250,172.30.1.1,TCP,88
Twitch,667,276.022138,172.30.1.250,172.30.1.1,TLSv1.3,232
Twitch,668,276.024628,172.30.1.250,172.30.1.1,TLSv1.3,608
Twitch,669,276.025215,172.30.1.1,172.30.1.250,TCP,88
Twitch,670,277.233182,172.30.1.1,172.30.1.250,TLSv1.2,308
Twitch,671,277.242192,172.30.1.250,172.30.1.1,TCP,88
Twitch,672,277.383941,172.30.1.1,172.30.1.250,TLSv1.2,280
Twitch,673,277.384075,172.30.1.250,172.30.1.1,TCP,88
Twitch,674,277.387006,172.30.1.250,172.30.1.1,TLSv1.2,196
Twitch,675,277.391453,172.30.1.1,172.30.1.250,TLSv1.2,292
Twitch,676,277.391976,172.30.1.250,172.30.1.1,TCP,88
Twitch,677,277.416208,172.30.1.1,172.30.1.250,TLSv1.2,788
Twitch,678,277.416504,172.30.1.250,172.30.1.1,TCP,88
Twitch,679,277.417436,172.30.1.1,172.30.1.250,TLSv1.2,8308
Twitch,680,277.425475,172.30.1.250,172.30.1.1,TCP,88
Twitch,681,277.425680,172.30.1.1,172.30.1.250,TLSv1.2,8868
Twitch,682,277.425760,172.30.1.250,172.30.1.1,TCP,88
Twitch,683,277.480131,172.30.1.250,172.30.1.1,TLSv1.2,196
Twitch,684,277.489062,172.30.1.250,172.30.1.1,TLSv1.2,196
Twitch,685,277.490445,172.30.1.1,172.30.1.250,TCP,88
Twitch,686,277.529650,172.30.1.250,172.30.1.1,TLSv1.2,128
Twitch,687,277.529964,172.30.1.1,172.30.1.250,TCP,88
Twitch,688,277.606986,172.30.1.250,172.30.1.1,TLSv1.2,224
Twitch,689,277.607151,172.30.1.1,172.30.1.250,TCP,88
Twitch,690,279.715643,172.30.1.250,172.30.1.1,TLSv1.2,140
Twitch,691,279.715944,172.30.1.1,172.30.1.250,TCP,88
Twitch,692,279.718671,172.30.1.1,172.30.1.250,TLSv1.2,140
Twitch,693,279.718813,172.30.1.250,172.30.1.1,TCP,88
Twitch,694,280.472680,172.30.1.1,172.30.1.250,TLSv1.2,124
Twitch,695,280.472900,172.30.1.250,172.30.1.1,TCP,88
Twitch,696,280.621480,172.30.1.250,172.30.1.1,TLSv1.2,120
Twitch,697,280.666240,172.30.1.1,172.30.1.250,TCP,88
